{
	"camera" : 
	{
		"calcFrustum" : false,
		"dist" : 43.30126953125,
		"fromEye" : true,
		"pos" : 
		[
			30.0,
			27.0,
			24.0
		],
		"speed" : 9.9999997473787516e-06,
		"speedRotate" : 0.0099999997764825821,
		"vector" : 
		[
			-0.69999998807907104,
			-0.60000002384185791,
			-0.30000001192092896
		]
	},
	"testKey" : "testValue"
}